rainfall(mm),avgT,LowT,HighT,seoulDiag,seoulDadd,under_treatment,cured,dead,sus_patient,sus_patient_checking,sus_pat_negative
6.7,7.4,6.5,8.2,10,0,10,0,0,741,77,664
0,6.5,4.9,8.7,10,0,10,0,0,802,61,741
0,8.1,3.2,14.7,10,0,10,0,0,840,38,802
2,9.8,6.2,15.6,10,0,10,0,0,864,24,840
13.4,-1.4,-4.3,7.7,11,0,11,0,0,876,13,863
1,-5.9,-7.1,-3.9,12,0,12,0,0,947,71,876
0,-4.1,-8.3,1.3,12,0,12,0,0,1000,53,947
0,1,-4.4,6.4,13,0,13,0,0,1071,71,1000
0,4.6,-0.6,10.8,15,0,15,0,0,1125,54,1071
4.2,6.7,2.1,10.9,18,0,18,0,0,1125,54,1071
3.1,4,0,7.9,24,0,24,0,0,4656,767,3889
0,2.5,-2.5,8,25,0,25,0,0,5197,949,4248
0,7,0.8,12.2,31,0,31,0,0,5856,1112,4744
16.6,6.7,4.7,9.4,44,0,44,0,0,6878,1463,5415
0,6.4,2.8,10.4,49,0,49,0,0,8238,2279,5959
0,6.1,1.3,12.5,59,0,59,0,0,8238,2279,5959
3.9,4.5,3.6,5.9,65,0,65,0,0,10563,2810,7753
0.5,7.7,4.5,13,77,0,77,0,0,12265,3672,8593
0.2,5.8,3.2,10.1,86,0,86,0,0,13194,3932,9262
11.8,6.4,3.2,10.8,156,0,126,30,0,33532,3634,29898
0,3.8,0,8.3,205,0,168,37,0,35278,3759,31519
0,6.8,0.2,13.3,219,0,181,38,0,35278,3759,31519
0.5,4.9,-0.1,8.7,231,0,191,40,0,40287,3910,36377
1.8,14.8,8.1,20.6,361,0,280,81,0,63842,4081,59761
2,11.9,6.7,15.8,376,0,288,88,0,65952,4131,61821
0,7.7,4.5,12.8,391,0,298,93,0,67478,4232,63246
0,8.7,1.3,16.1,413,0,320,93,0,68340,4312,64028
0,10.2,4.3,16.9,434,0,342,92,0,69343,4429,64914
0,13,7.6,19.6,613,0,383,228,2,94036,5407,88629
0,13.2,7.2,20.2,619,0,378,239,2,96012,5348,90664
0,16,8.9,23.8,619,0,367,250,2,96988,5318,91670
6.5,12.5,10.4,15.4,621,0,351,268,2,98561,5368,93193
0,13.5,8.5,19.6,623,0,347,274,2,100643,5211,95432
10.3,12.3,9.5,15.5,624,0,334,288,2,101675,5271,96404
0.1,10,7.6,13.1,624,0,318,304,2,102531,5259,97272
0,7.4,4.8,10.4,626,0,309,315,2,107115,7768,99347
0,6,4.1,8.3,628,2,304,322,2,105582,5289,100293
0,7.9,2.9,12.8,628,0,284,342,2,110134,7860,102274
0,9.9,4.1,14.3,628,0,264,362,2,108856,5363,103493
0,13.1,9.9,17.1,629,1,244,383,2,109708,5340,104368
0,12.3,6.8,19,629,0,239,388,2,110737,5538,105199
0,12.9,8.7,18.3,629,0,234,393,2,111108,5589,105519
0,16,13.1,19.3,637,0,146,489,2,118241,5204,113037
0,19.4,11.1,27.6,637,0,141,494,2,119423,5338,114085
0,20.7,14.9,26.5,637,0,127,508,2,120284,5295,114989
2.3,19.9,14.3,27.3,648,11,126,520,2,124842,8002,116840
24.4,14.2,12.7,16.8,658,10,120,536,2,123201,5468,117733
1.3,14.4,12.8,16.6,669,11,126,541,2,123889,5726,118163
3.4,16.5,12.4,22,690,21,141,547,2,124530,5957,118573
0.7,14.3,10.5,18.9,703,13,147,554,2,126464,6296,120168
0,16.1,10.2,21.8,708,5,147,558,3,129076,6821,122255
0,19.3,12.4,25.4,714,6,146,564,4,133600,7612,125988
12,16.1,14.1,20.2,725,11,152,569,4,138788,8297,130491
2.5,16.7,15,20.3,731,6,153,574,4,143595,8241,135354
0,19.1,14.6,24.9,735,4,156,575,4,147613,8437,139176
29.8,19.1,13.2,26.8,736,1,153,579,4,148787,8667,140120
19,13,10.1,17.1,750,14,159,587,4,152205,8590,143615
0,14.4,9.2,20.1,753,3,157,592,4,155822,8265,147557
0,17.4,10.9,22.9,756,3,156,596,4,159705,8385,151320
0,18.5,14.8,22.7,759,3,156,599,4,162845,8409,154436
0,20.1,16.6,25,762,3,154,604,4,165744,8598,157146
14.5,17.1,14.3,20.2,768,6,160,604,4,168055,8892,159163
0,16.6,13.7,21.3,776,8,165,607,4,168751,8850,159901
1.5,16.2,12.7,22.9,792,16,174,614,4,170513,8805,161708
0,17.4,11.8,23.9,807,15,185,618,4,173701,8721,164980
0,18.7,14.2,23.4,828,21,203,621,4,177473,8024,169449
0,20.7,14.6,27.6,846,18,219,623,4,180585,7754,172831
0,22.6,16.5,30,855,9,224,627,4,184309,8267,176042
1,21.2,17.6,28,861,6,230,627,4,187770,8707,179063
0.4,19.7,16.6,24.5,863,2,232,627,4,188476,8533,179943
2,17.9,14.8,21.8,878,15,236,638,4,192327,8627,183700
0,22,17.6,28.4,896,18,253,639,4,196379,8793,187586
0.2,21.9,19.7,26.5,916,20,268,644,4,200509,8797,191712
0,23,18.4,28.7,929,13,280,645,4,205416,8572,196844
0,24.6,19.2,30.9,952,23,298,650,4,209126,8521,200605
0,22.7,19.2,29.2,979,27,324,651,4,211327,8551,202776
0,25,19.8,32,997,18,342,651,4,213160,8869,204291
0,26.7,20.3,32.8,1019,22,351,664,4,215545,9079,206466
6.2,25.8,22.5,32.1,1029,10,359,666,4,220349,9259,211090
0,26.1,21.7,31.6,1048,19,369,675,4,225425,9512,215913
0,24.7,21.6,27.6,1072,24,388,680,4,230103,9585,220518
0,26.9,20.6,33.5,1101,29,409,688,4,233862,8981,224881
1.1,24,20.1,28.8,1113,12,420,689,4,236725,8983,227742
0,23,18.2,28.6,1120,7,427,689,4,237541,8762,228779
0,24.4,20,30.7,1132,12,425,703,4,239947,8696,231251
0,24.3,20.2,30.3,1145,13,430,710,5,244286,8479,235807
0,23.4,20.3,27.3,1170,25,446,718,6,248253,8506,239747
0.1,24.7,21.1,30,1188,18,458,724,6,251983,8386,243597
0,24.9,20.7,29.7,1202,14,466,730,6,255957,8460,247497
0,26.1,19.5,32.7,1219,17,480,733,6,258808,8612,250196
0,28.6,21.7,35.4,1224,5,485,733,6,260179,8802,251377
0,27.3,23.2,31,1230,6,481,743,6,262035,8954,253081
37.6,22.3,19.9,26.3,1241,11,488,747,6,266197,8491,257706
13.3,21.6,20.1,23.4,1250,9,482,761,7,261515,8374,261515
2.1,21.8,19.2,25.7,1267,17,417,843,7,273470,8486,264984
0,24.1,20.4,29.6,1284,17,366,911,7,277742,8500,269242
0,25.2,21.5,30.1,1298,14,368,923,7,280610,8999,271611
11.9,23.8,20.6,26.5,1305,7,356,942,7,281411,8939,272472
64.7,20.1,18.4,23.1,1312,7,320,985,7,283897,8937,274960
0,21.1,18.1,24.3,1321,9,288,1026,7,287875,8911,278964
0,24.2,20.4,29.8,1334,13,273,1054,7,291561,8881,282680
0.1,25.5,21.6,30.6,1346,12,254,1085,7,294510,8956,285554
1.6,24.2,20.4,29.5,1353,7,242,1103,8,297201,9131,288070
0,23.8,19.9,27.6,1369,16,256,1105,8,299274,8363,289911
0,25.6,21.8,30.9,1372,3,254,1110,8,299905,9463,290442
0,24.1,22.1,28.1,1375,3,223,1144,8,301998,9423,292575
0,25.5,21.3,30.4,1385,10,216,1160,9,305590,9122,296468
0,27.5,21.8,32.9,1393,8,213,1171,9,307608,9285,298323
2.2,24.5,22.7,27.7,1401,8,210,1182,9,310940,9309,301631
0,25.8,22.2,30.2,1409,8,202,1198,9,313457,9409,304048
2.9,23.5,21.7,26,1416,7,198,1209,9,315405,9595,305810
47.6,18.7,17.7,21.7,1429,13,203,1217,9,316183,9652,306531
11.5,20.3,17.2,24.3,1436,7,183,1244,9,318146,9753,308393
0,23.4,18.9,28.7,1442,6,158,1275,9,320342,9847,310495
0,25,20.4,29.7,1449,7,154,1286,9,322919,9960,312959
0,26,21.5,31.6,1458,9,149,1300,9,325153,9988,315165
0,26.1,22.8,31,1464,6,137,1318,9,327723,10206,317517
29.1,24,20.6,26.6,1474,10,144,1320,10,328725,10468,318257
3.6,23.8,22.4,26.6,1477,3,145,1322,10,329326,10416,318910
0,25,21.4,30.5,1498,21,148,1340,10,330790,10389,320401
11.5,23.7,22.6,25.7,1514,16,157,1346,11,332701,10317,322384
103.1,21.1,18.5,22.6,1526,12,154,1361,11,335468,10169,325299
2.9,22.5,18.7,26.8,1547,21,168,1368,11,337963,10377,327586
0,24.3,22.3,29,1558,11,166,1381,11,339580,10455,329125
0,25.4,21.6,29.6,1565,7,171,1383,11,340728,10660,330068
2.2,24.3,22.9,25.5,1574,9,179,1384,11,341308,10753,330555
0.4,24.4,22.7,26.4,1580,6,169,1400,11,343297,10820,332477
50.1,23.7,22.6,24.9,1589,9,168,1410,11,345761,10862,334899
0.1,25.3,23.4,28.4,1592,3,164,1417,11,347944,10991,336953
1.5,26.2,22.8,29.6,1600,8,165,1424,11,350384,11185,339199
39.1,25.3,24.3,26.9,1602,2,157,1434,11,352175,11066,341109
31.4,24.9,23.5,26.4,1607,5,154,1442,11,353323,10917,342406
102.6,25,23.9,26.3,1612,5,152,1449,11,354151,11027,343124
3.9,27,25,29.4,1621,9,147,1463,11,355722,11017,344705
18.5,26.5,25.5,29.1,1627,6,140,1475,12,358074,11202,346872
75.7,24.1,22.9,26,1636,9,136,1488,12,360452,11135,349317
0,24.3,22.6,26.1,1645,9,130,1502,13,362228,10391,351837
19.1,24.2,22.7,26.1,1662,17,135,1514,13,363698,10414,353284
50.3,24.9,23.7,25.8,1675,13,147,1515,13,364796,10606,354190
44.6,26.5,24.7,29.5,1688,13,159,1516,13,0,10711,354960
97,24.6,22.4,27.3,1694,6,147,1534,13,0,0,0
0,27.2,23.5,31.3,1709,15,147,1549,13,0,0,0
0,28,26.3,30.3,1735,26,166,1556,13,0,0,0
0.4,27.1,26.5,28,1767,32,190,1564,13,0,0,0
69,26.1,25,27,1841,74,257,1571,13,0,0,0
0,27.4,25.3,30.8,1987,146,403,1571,13,0,0,0
0,28.2,26.1,32.2,2077,90,493,1571,13,0,0,0
0,27.5,24,31.9,2209,132,622,1573,14,0,0,0
0,27.1,23.6,31.4,2360,151,758,1588,14,0,0,0
0,27.7,25,31.7,2495,135,879,1601,15,0,0,0
2.5,26.6,25.2,29.2,2621,126,983,1622,16,0,0,0
42.6,24.3,21.7,27.6,2749,128,1094,1639,16,0,0,0
0,25.3,21.5,29.9,2889,140,1234,1639,16,0,0,0
0,27.8,23.7,32,2986,97,1331,1639,16,0,0,0
0,29.9,26,34.5,3120,134,1433,1671,16,0,0,0
0.6,30.2,27,34.5,3232,112,1516,1699,17,0,0,0
8.7,27.1,25.6,28.6,3386,154,1636,1733,17,0,0,0
13.6,27.3,26,29.7,3532,146,1751,1762,19,0,0,0
13.6,26.8,25.5,29,3657,125,1750,1887,20,0,0,0
42.5,26.8,24.4,30.6,3773,116,1863,1888,22,0,0,0
0,26.4,23.8,30,3867,94,1945,1899,23,0,0,0
0,26.6,23.8,29.5,3961,94,1937,2001,23,0,0,0
33.3,24.3,22.6,26.4,4062,101,1990,2048,24,0,0,0
29.8,22.7,20,25.6,4131,69,1996,2111,24,0,0,0
0,23.3,19.9,27.5,4201,68,2001,2176,24,0,0,0
0,23.3,19.2,27.3,4251,51,2006,2220,25,0,0,0
6.4,21.7,19.5,24.4,4314,63,2063,2225,26,0,0,0
61,19.2,17.5,20.6,4362,48,2068,2266,28,0,0,0
0,23.4,20.6,26.5,4429,67,1960,2437,32,0,0,0
1.3,21.1,19,25.3,4478,49,1803,2643,32,0,0,0
3.9,22.8,18.8,27,4526,48,1732,2762,32,0,0,0
1.2,22.4,19.2,27.1,4589,63,1718,2837,34,0,0,0
5.7,20.2,18.1,23.2,4639,50,1533,3071,35,0,0,0
0,21.5,16.7,26.6,4670,31,1520,3112,38,0,0,0
0,21.3,17.6,24.9,4711,41,1395,3276,40,0,0,0
0,23,18.9,27.7,4743,32,1208,3493,42,0,0,0
0.3,22.5,21.3,24.9,4794,51,1058,3694,42,0,0,0
0,21.3,20.1,23.6,4857,63,1066,3748,43,0,0,0
0,21.5,18.1,25.8,4904,46,1017,3841,46,0,0,0
0.3,21.2,17.6,26.2,4944,40,1010,3888,46,0,0,0
0,19.7,15.6,24.9,4972,28,964,3961,47,0,0,0
0,19.1,13.6,25.3,4995,23,962,3985,48,0,0,0
0,20.2,15.5,25.6,5016,21,933,4034,49,0,0,0
0,19.2,15.2,23.8,5056,40,897,4110,49,0,0,0
0,20.6,16.8,25.4,5095,39,872,4173,50,0,0,0
0,20.1,16.6,25.4,5152,57,872,4228,52,0,0,0
0,19.3,14.8,24.8,5178,26,809,4316,53,0,0,0
0,20.4,14.9,25.8,5212,34,833,4326,53,0,0,0
0,20.7,15.7,26.5,5231,19,847,4330,54,0,0,0
0,19.6,15.3,23.9,5242,11,787,4401,54,0,0,0
38.3,19.6,16.2,25.7,5293,51,822,4415,56,0,0,0
0,18.8,15.6,23.6,5323,30,833,4433,57,0,0,0
0,19.2,16.3,21.9,5334,11,832,4445,57,0,0,0
0,19.9,18.3,23.2,5360,26,845,4456,59,0,0,0
0,16.6,10.6,21.8,5376,16,850,4466,60,0,0,0
0,13.3,8.5,18.4,5395,19,859,4475,61,0,0,0
0,14.2,9.3,19.7,5410,15,765,4584,61,0,0,0
0,16,9.9,22,5443,33,646,4736,61,0,0,0
0,17.2,12.1,23.1,5463,20,592,4809,62,0,0,0
0,17.2,12.4,23.3,5485,22,577,4846,62,0,0,0
0,16.9,12.3,21.5,5510,25,600,4847,63,0,0,0
0,16.9,12.7,20.8,5533,23,591,4878,64,0,0,0
0,16.2,12.1,21.3,5564,31,606,4894,64,0,0,0
0,13.6,8.6,18.4,5584,20,554,4965,65,0,0,0
0,12.8,8.5,18,5607,23,491,5050,66,0,0,0
0,11.7,6.5,18.5,5632,25,511,5055,66,0,0,0
0,11.8,8.6,15.4,5650,18,492,5091,67,0,0,0
0,13.1,8.7,18.6,5668,18,481,5119,68,0,0,0
0,13.6,7.2,20.2,5688,20,487,5132,69,0,0,0
0,15.1,9.8,21.3,5702,14,472,5161,69,0,0,0
0,15.2,9.9,21.7,5713,11,427,5217,69,0,0,0
0,14.1,11.8,17.3,5730,17,391,5268,71,0,0,0
0,13.5,8.4,18.2,5748,18,391,5283,74,0,0,0
0,8.6,5.4,13.3,5768,20,390,5304,74,0,0,0
0,8.7,3.2,14,5790,22,366,5350,74,0,0,0
0,11.8,5.4,18.2,5807,17,383,5350,74,0,0,0
0,12.9,8,19,5827,20,385,5368,74,0,0,0
0,14,9,19.4,5851,24,381,5394,76,0,0,0
0,13.8,8.6,18.2,5876,25,365,5434,77,0,0,0
0,10.8,5.5,16.1,5912,36,372,5462,78,0,0,0
0,11.9,5.8,19.6,5960,48,407,5475,78,0,0,0
0,13.6,8.5,18.2,6011,52,438,5495,78,0,0,0
13.6,13.7,11.6,15,6056,45,482,5496,78,0,0,0
1.7,10.8,7.9,15.6,6081,25,503,5500,78,0,0,0
0.5,5.1,2.7,8.6,6103,22,480,5545,78,0,0,0
0,4.9,0.2,10.8,6145,42,495,5572,78,0,0,0
0,9.6,3.4,15.9,6195,50,511,5606,78,0,0,0
0,13.5,9.9,17.2,6235,40,530,5627,78,0,0,0
0.1,14.6,12.2,18.1,6272,37,555,5639,78,0,0,0
0,8.5,3.1,12.4,6326,54,598,5650,78,0,0,0
0,5.5,0.7,8.9,6372,46,621,5673,78,0,0,0
0,7.7,3.5,12.9,6407,35,625,5703,79,0,0,0
0,9.3,3.5,16.5,6452,45,638,5735,79,0,0,0
0,10.4,4.6,17.7,6505,53,650,5776,79,0,0,0
0,12.2,8.5,17.6,6579,74,674,5826,79,0,0,0
0,12.5,6.8,19.3,6648,69,715,5853,80,0,0,0
0,11.1,8.2,14.9,6733,85,778,5874,81,0,0,0
0,12.4,7.5,18.3,6814,81,848,5885,81,0,0,0
0.1,15.9,11.7,20,6903,90,899,5923,81,0,0,0
12.2,16.6,14.8,18.7,6995,92,945,5968,82,0,0,0
86.9,13.6,6.9,19.1,7104,109,1009,6012,83,0,0,0
0,2.8,0.3,7,7236,132,1043,6109,84,0,0,0
0.2,6.5,-0.3,12.8,7392,156,1171,6136,85,0,0,0
4.8,5.6,1.5,9.1,7513,121,1257,6171,85,0,0,0
2.9,-1.1,-6,2,12187,399,4588,7490,109,0,0,0
0,-7.7,-9.7,-5,12406,219,4721,7573,112,0,0,0
0,-8.3,-11.1,-4.6,12657,251,4878,7664,115,0,0,0
0,-8.3,-11.2,-3.9,13035,378,5225,7690,120,0,0,0
0,-4.9,-11.1,0.8,13458,423,5412,7921,125,0,0,0
0.2,-2.1,-6.4,1.8,13856,398,5734,7996,126,0,0,0
0,-5.1,-9.6,-1.2,14240,384,6081,8031,128,0,0,0
0,-3.7,-8.2,1.1,14711,473,6361,8220,130,0,0,0
0,2.2,-2.1,8,17068,466,7433,9480,155,0,0,0
0,5.8,1.4,10,17430,362,7684,9589,157,0,0,0
1.3,6.7,4.2,11.4,17731,301,7961,9611,159,0,0,0
0.2,0.1,-6.2,4.3,18253,523,8076,10010,167,0,0,0
0,-10.9,-12.9,-6.2,18638,387,8341,10125,172,0,0,0
0,-3.5,-8.4,0.3,20138,329,8224,11721,193,0,0,0
0,-5.5,-9.9,-2.1,20338,199,8039,12095,204,0,0,0
2.3,-7.4,-12,-1.9,20602,264,7966,12429,207,0,0,0
0,-14.5,-16.5,-8.4,20899,298,8143,12543,213,0,0,0
0,-14.9,-18.6,-10.7,21088,191,8060,12805,223,0,0,0
0,-12.2,-16.6,-7.5,21276,188,7794,13259,223,0,0,0
0,-7.7,-12.8,-2.7,21463,187,7433,13800,230,0,0,0
0,-6.7,-9.6,-4,21604,141,5832,15534,238,0,0,0
2.6,-3.9,-9.3,-0.5,21771,167,5585,15938,248,0,0,0
0,2,-3,8.3,21922,152,5585,16087,250,0,0,0
0,1.7,-3.6,7,22056,134,5500,16304,252,0,0,0
0.2,4.5,-0.7,9.9,22183,127,5411,16518,254,0,0,0
0,-4.9,-8.7,-0.7,22339,156,5192,16885,262,0,0,0
0,-5.5,-10.8,-1.3,22484,145,5126,17093,265,0,0,0
0.3,-3.8,-9.1,0.2,22616,132,5134,17211,271,0,0,0
0,-6.3,-11.6,-0.2,22717,101,4953,17487,277,0,0,0
0,-0.1,-6.6,7.1,22859,143,4818,17762,279,0,0,0
9.2,4.5,2.5,7,22984,125,4712,17987,285,0,0,0
0.1,5.5,4.8,6.6,23097,115,4651,18156,290,0,0,0
0,7.6,4.8,12.2,23224,127,4636,18294,294,0,0,0
0,7.9,3,13.9,23459,102,4532,18626,301,0,0,0
1.7,5.3,1.7,7.4,23563,104,4231,19028,304,0,0,0
0,1.7,-1.8,6.5,23692,129,4227,19158,307,0,0,0
2,-2.6,-9.7,1.4,23797,105,4157,19329,311,0,0,0
0,-8.8,-11.6,-4.9,23908,112,4105,19486,317,0,0,0
0.5,-1.6,-8.1,5.2,24061,154,4144,19594,323,0,0,0
0,3.2,-3.8,8.7,24162,101,3750,20088,324,0,0,0
0.7,5,-2.3,9.5,24267,107,3612,20330,325,0,0,0
0,-5.6,-8.2,-2.4,24395,128,3584,20485,326,0,0,0
3.4,-3.2,-9.4,1.4,24583,188,3563,20693,327,0,0,0
0.1,-3.6,-7.4,0.7,24755,172,3655,20771,329,0,0,0
0,1.4,-4.4,6.7,24880,126,3637,20911,332,0,0,0
0,6.8,4.3,9.5,25023,143,3681,21009,333,0,0,0
0,7.6,1,15.9,26021,136,3943,21726,352,0,0,0
0,9.5,6.4,13.8,26173,152,4003,21815,355,0,0,0
1.4,1.2,-5.2,8.2,26324,151,4081,21887,356,0,0,0
1.5,-5.1,-7,-1.3,26484,161,4093,22032,359,0,0,0
0,-8.3,-10.4,-5.2,26742,258,3952,22430,360,0,0,0
67.5,4.7,0.5,9,28332,92,2864,25087,381,0,0,0
0.1,2.3,0.2,6.9,28454,122,2921,25152,381,0,0,0
1.7,10.6,5.1,15.7,30061,112,2128,27526,407,0,0,0
1.3,8.4,4.9,13.1,30140,79,1997,27734,409,0,0,0
0,8.8,1.8,17.5,30260,120,1861,27987,412,0,0,0
0,11.7,5,18.4,30384,124,1864,28108,412,0,0,0
0,15.3,11.4,20.2,30530,146,1931,28186,413,0,0,0
5.1,9.9,7.4,14.7,30650,120,1919,28318,413,0,0,0
0.3,5.8,3.1,8.6,30775,125,1975,28386,414,0,0,0
0,6.2,1.1,11.1,30879,109,1998,28466,415,0,0,0
0,9.1,2.5,16.4,30976,97,1953,28608,415,0,0,0
0,10.8,5.7,16.9,31110,137,1958,28735,417,0,0,0
0,11.9,6.8,19,31237,127,1893,28926,418,0,0,0
0,12.6,4.8,20.6,31359,122,1736,29203,420,0,0,0
25.5,12.1,10.2,15,31486,127,1746,29318,422,0,0,0
9.2,9,7.7,13,31624,138,1815,29386,423,0,0,0
0.2,10.2,7.3,14.6,31731,107,1869,29439,423,0,0,0
0,10.8,4.1,18.2,31876,145,1894,29558,424,0,0,0
0,14.5,5.9,22.9,32034,158,1916,29694,424,0,0,0
0,17.7,12,24,32233,199,2026,29782,425,0,0,0
0,17.8,12.5,23,32397,167,2073,29898,426,0,0,0
56.2,14.9,10.9,18,32551,155,2148,29976,427,0,0,0
0.6,11.9,9,15.8,32700,149,2170,30101,429,0,0,0
0,11.9,5.4,19.3,32852,152,2251,30172,429,0,0,0
0,13.9,9.4,19.2,32999,147,2267,30303,429,0,0,0
0,14.1,8.1,20.4,33197,198,2336,30430,431,0,0,0
0,13,7.2,18,33441,244,2469,30541,431,0,0,0
0,13.6,7.6,19.6,33656,215,2571,30651,434,0,0,0
0,12.6,7.7,18.8,33857,201,2640,30783,434,0,0,0
0,15,7.5,21.8,34071,214,2381,31256,434,0,0,0
22,13.8,11.9,17.8,34233,162,2493,31305,435,0,0,0
8,10.4,5.7,13.5,34391,158,2470,31484,437,0,0,0
0,8.4,3.1,13.3,34638,247,2467,31733,438,0,0,0
0,11.6,6.3,18.3,34855,217,2490,31925,440,0,0,0
0.7,11.3,8.1,14.8,35070,216,2475,32153,442,0,0,0
1.7,15.4,12.5,20,37126,116,2614,34067,445,0,0,0
4.7,14.5,11.2,18.2,37385,259,2728,34212,445,0,0,0
3.9,14.6,10.9,20.1,37610,227,2834,34329,447,0,0,0
26.3,11.3,8.6,14.6,37837,227,2912,34477,448,0,0,0
8,10.2,8.5,15.3,38032,195,2674,34908,450,0,0,0
1.7,12.4,7.3,18.7,38214,182,2712,35051,451,0,0,0
0,14.1,8.4,20.3,38341,127,2781,35109,451,0,0,0
19.6,13.8,11.4,15.8,38525,184,2714,35359,452,0,0,0
0.1,13.9,10.3,18.4,38763,238,2763,35548,452,0,0,0
0,15.7,7.9,23.1,38975,212,2854,35668,453,0,0,0
8.8,14.4,10.7,17.2,39154,179,2849,35848,457,0,0,0
0,14.3,8.9,21,39396,242,2666,36271,459,0,0,0
0,15.7,10,21.8,39591,195,2731,36398,462,0,0,0
0,13.2,11.7,14.6,39732,141,2745,36525,462,0,0,0
0,18.5,9.4,25.7,39895,163,2692,36739,464,0,0,0
0,22,16.9,27.7,40118,223,2762,36890,466,0,0,0
0,22.9,16.6,29.6,40345,227,2860,37017,468,0,0,0
0,24.1,18,30.8,40576,231,2938,37170,468,0,0,0
15,22.1,20.8,26.2,40830,254,2805,37557,468,0,0,0
66.9,18.4,14.8,20.8,41043,213,2851,37721,471,0,0,0
3.1,15.3,14.2,16.7,41238,195,2932,37834,472,0,0,0
0,17.9,13.6,24.5,41410,172,2978,37960,472,0,0,0
0,19.9,12.4,26.6,41659,249,3066,38119,474,0,0,0
0.9,18.7,15.6,22.9,41901,242,3156,38270,475,0,0,0
6.9,16,14.2,18.2,42073,172,3181,38413,479,0,0,0
0.2,18.6,13.8,23.8,42281,208,2938,38863,480,0,0,0
0,19.5,14.3,25.1,42462,181,2830,39152,480,0,0,0
0,19.4,16.4,24.5,42601,139,2845,39276,480,0,0,0
8.3,15.3,11.9,19.3,42739,138,2813,39446,480,0,0,0
0,18,11.5,23,43001,262,2840,39680,481,0,0,0
8.9,15.8,13.9,18.7,43219,218,2883,39854,482,0,0,0
12.3,15.3,12.4,19.7,43433,214,2892,40056,485,0,0,0
0.3,15.4,12.8,19.1,43627,194,2552,40589,486,0,0,0
18.1,18.4,10.8,26.3,43787,160,2620,40679,488,0,0,0
4,19.9,16.5,23.8,43917,130,2614,40815,488,0,0,0
3.2,20.2,15.9,23.9,44064,147,2541,41032,491,0,0,0
0,23.2,16.6,29.7,44322,258,2668,41162,492,0,0,0
18.1,19.1,14.6,22.7,44537,215,2648,41394,495,0,0,0
0,18.5,13.3,23.6,44743,206,2753,41494,496,0,0,0
0,20.8,17,25.7,45020,277,2913,41611,496,0,0,0
0,23,18.4,28.2,45199,179,2940,41762,497,0,0,0
0,21.1,19.4,24,45358,159,2765,42096,497,0,0,0
0.1,23.6,18.8,29.5,45497,139,2707,42292,498,0,0,0
0,25.8,19.5,31.6,45679,183,2754,42426,499,0,0,0
6.1,24.9,20.5,29.8,45892,213,2766,42627,499,0,0,0
4.6,21.5,19.9,24.4,46096,204,2822,42775,499,0,0,0
0,24.2,18.2,30.2,46302,208,2629,43174,499,0,0,0
0,24.8,20.9,29.7,46478,176,2681,43296,501,0,0,0
0,24.8,18.9,30.2,46600,122,2695,43404,501,0,0,0
1.9,22.5,21.5,25.3,46732,132,2585,43645,502,0,0,0
0,24.3,20.3,28.9,46932,201,2531,43898,503,0,0,0
0,21.9,19.6,25,47133,201,2547,44082,504,0,0,0
6.3,20,19,21.4,47333,200,2354,44474,505,0,0,0
7.5,22.4,18.8,27.9,48196,236,2419,45267,510,0,0,0
0,23,18.5,28,48448,252,2547,45391,510,0,0,0
0,24.1,19.5,29.5,48717,269,2496,45710,511,0,0,0
4.5,22.8,19.9,26.7,48980,263,2581,45887,512,0,0,0
38.2,24.5,19.8,30.8,49222,242,2712,45998,512,0,0,0
0.1,23.7,21,29.2,49407,185,2808,46086,513,0,0,0
8,23.9,21.3,28.4,49612,205,2948,46151,513,0,0,0
6,24.3,21,28.8,49987,375,2973,46501,513,0,0,0
0,26.3,21.4,31,50321,334,3214,46593,514,0,0,0
0,27.1,23.6,31.8,50668,347,3485,46668,515,0,0,0
60,22.6,19.6,25.7,51026,359,3462,47048,516,0,0,0
21.4,21.4,19.8,23.1,51314,289,3591,47207,516,0,0,0
0,23.3,20.1,26.9,51621,307,3707,47397,517,0,0,0
0,25.3,21,30.1,51941,320,3792,47631,518,0,0,0
12.7,26.4,23.9,29.1,52524,583,4067,47939,518,0,0,0
2.9,26,23.8,29.8,53074,550,4490,48066,518,0,0,0
0,25.5,23.6,29.2,53577,503,4791,48267,519,0,0,0
0.5,25.9,23.1,29.2,54086,509,5023,48542,521,0,0,0
0.4,25.7,24.1,27.5,54595,509,5253,48819,523,0,0,0
67.4,26.4,24,30.5,58646,419,7061,51058,527,0,0,0
3,29.8,26.8,34.3,64359,476,7760,56065,534,0,0,0
21,27.1,25.1,28.8,64832,473,8109,56188,535,0,0,0
1.7,26.5,25,28.6,65193,365,8274,56384,535,0,0,0
12.7,26.8,24.4,32.1,67872,450,8322,59008,542,0,0,0
9.3,25.9,21.9,31.3,72086,366,9158,62368,560,0,0,0
5.6,24.3,20.6,31,72594,510,9140,62893,561,0,0,0
0,26,21,31.5,73169,575,9147,63458,564,0,0,0
0,26.6,22.6,30.7,73725,556,9196,63963,566,0,0,0
62.8,23.8,21,25.5,74251,526,9243,64441,567,0,0,0
0,24.4,22.4,27,74749,499,9380,64798,571,0,0,0
7.4,22.4,21,24,75136,388,9276,65287,573,0,0,0
10.5,23.4,21.1,26.4,75570,438,9252,65744,574,0,0,0
0.3,25,23.5,27.3,76245,677,9277,66393,575,0,0,0
0.7,25.5,22.9,27.9,76814,570,9611,66625,578,0,0,0
0.9,22.4,20.4,25.5,77371,557,9533,67259,579,0,0,0
0,23.6,19.7,28.2,77940,569,9472,67887,581,0,0,0
0.9,23.7,21.9,26.3,78455,517,9388,68486,581,0,0,0
0,24.2,21.2,27.7,78899,444,9280,69037,582,0,0,0
77.4,20.5,18.1,23.1,79354,456,9370,69401,583,0,0,0
0.8,21.4,18.5,23.9,80019,665,9537,69898,584,0,0,0
12,22.3,18,26.4,82657,464,9091,72973,593,0,0,0
29.6,19.6,17.6,20.9,83138,482,9035,73508,595,0,0,0
1.6,22.2,19,26.9,83808,671,9034,74177,597,0,0,0
0,23.7,20.8,27.8,91273,742,10711,79945,617,0,0,0
0,23.7,19,28.4,91856,583,10986,80252,618,0,0,0
68.1,22,17.4,26.2,92532,676,11394,80518,620,0,0,0
4.5,20.2,16.8,24.3,93176,644,11700,80855,621,0,0,0
1.3,21.5,19.6,24.4,98497,842,13270,84592,635,0,0,0
13.1,20.2,17.8,21.4,99550,1054,13553,85358,639,0,0,0
0,20.3,16,25.9,100495,945,13951,85901,643,0,0,0
13.3,21.1,16.9,27.5,101411,916,14332,86430,649,0,0,0
0,20.7,16.4,26.6,102204,793,14561,86990,653,0,0,0
0,22.3,17.1,28.8,102939,736,14670,87614,655,0,0,0
3.6,22.9,19.2,25.6,103512,574,14650,88206,656,0,0,0
0,23.6,21.7,26.5,104033,521,14786,88585,662,0,0,0
6.4,18.8,17.9,21.7,104723,690,14497,89560,666,0,0,0
4.6,19.4,17.9,21.9,105558,837,14573,90316,669,0,0,0
3.5,18.8,17.5,20,106332,776,13591,92067,674,0,0,0
0.4,20.9,18.5,24.1,107041,712,12609,93754,678,0,0,0
